{
  "seed": 143618187,
  "r1": {
    "accuracy": 0.043795619159936905,
    "loss": 2.356482744216919
  },
  "r2": {
    "accuracy": 0.9700374603271484,
    "loss": 0.4331277906894684
  },
  "r1calib": {
    "accuracy": 0.8138686418533325,
    "loss": 0.528748631477356
  },
  "r2calib": {
    "accuracy": 0.27715355157852173,
    "loss": 0.8588570952415466
  },
  "r1calib_my_eval": [
    87.86764705882352,
    92.64705882352942
  ],
  "r2calib_my_eval": [
    21.212121212121218,
    7.575757575757578
  ]
}