{
  "seed": 171456440,
  "r1": {
    "accuracy": 0.0,
    "loss": 0.8617687225341797
  },
  "r2": {
    "accuracy": 1.0,
    "loss": 0.6917352676391602
  },
  "r1calib": {
    "accuracy": 0.9963503479957581,
    "loss": 0.8570424914360046
  },
  "r2calib": {
    "accuracy": 0.0,
    "loss": 0.6954386234283447
  },
  "r1calib_my_eval": [
    99.63235294117648,
    98.52941176470588
  ],
  "r2calib_my_eval": [
    0.0,
    0.0
  ]
}