{
  "seed": 193881992,
  "r1": {
    "accuracy": 0.34306567907333374,
    "loss": 1.1574201583862305
  },
  "r2": {
    "accuracy": 0.7003745436668396,
    "loss": 0.6132161021232605
  },
  "r1calib": {
    "accuracy": 0.39416059851646423,
    "loss": 0.8013907670974731
  },
  "r2calib": {
    "accuracy": 0.812734067440033,
    "loss": 0.4940358102321625
  },
  "r1calib_my_eval": [
    37.5,
    42.64705882352941
  ],
  "r2calib_my_eval": [
    91.66666666666667,
    95.45454545454545
  ]
}