{
  "seed": 197203483,
  "r1": {
    "accuracy": 0.19708029925823212,
    "loss": 1.8280956745147705
  },
  "r2": {
    "accuracy": 0.8089887499809265,
    "loss": 0.4716825485229492
  },
  "r1calib": {
    "accuracy": 0.7919707894325256,
    "loss": 0.5357838273048401
  },
  "r2calib": {
    "accuracy": 0.3670412003993988,
    "loss": 0.7969761490821838
  },
  "r1calib_my_eval": [
    84.92647058823529,
    89.70588235294117
  ],
  "r2calib_my_eval": [
    39.015151515151516,
    39.39393939393939
  ]
}