{
  "seed": 231709523,
  "r1": {
    "accuracy": 0.2810218930244446,
    "loss": 1.3771904706954956
  },
  "r2": {
    "accuracy": 0.6779026389122009,
    "loss": 0.6131594181060791
  },
  "r1calib": {
    "accuracy": 0.46715328097343445,
    "loss": 0.7961986660957336
  },
  "r2calib": {
    "accuracy": 0.6666666865348816,
    "loss": 0.5858612656593323
  },
  "r1calib_my_eval": [
    47.05882352941176,
    51.470588235294116
  ],
  "r2calib_my_eval": [
    78.4090909090909,
    81.81818181818181
  ]
}