{
  "seed": 272026928,
  "r1": {
    "accuracy": 0.18248175084590912,
    "loss": 2.154214859008789
  },
  "r2": {
    "accuracy": 0.8014981150627136,
    "loss": 0.495585173368454
  },
  "r1calib": {
    "accuracy": 0.8321167826652527,
    "loss": 0.4259800910949707
  },
  "r2calib": {
    "accuracy": 0.4307115972042084,
    "loss": 0.8632047772407532
  },
  "r1calib_my_eval": [
    92.64705882352942,
    98.52941176470588
  ],
  "r2calib_my_eval": [
    39.77272727272727,
    37.878787878787875
  ]
}