{
  "seed": 274379372,
  "r1": {
    "accuracy": 0.14963503181934357,
    "loss": 1.5422183275222778
  },
  "r2": {
    "accuracy": 0.8726591467857361,
    "loss": 0.39815640449523926
  },
  "r1calib": {
    "accuracy": 0.6970803141593933,
    "loss": 0.6381577253341675
  },
  "r2calib": {
    "accuracy": 0.47191011905670166,
    "loss": 0.6831198930740356
  },
  "r1calib_my_eval": [
    77.94117647058823,
    86.76470588235294
  ],
  "r2calib_my_eval": [
    60.60606060606061,
    60.60606060606061
  ]
}