{
  "seed": 328869799,
  "r1": {
    "accuracy": 0.15328466892242432,
    "loss": 3.54764986038208
  },
  "r2": {
    "accuracy": 0.812734067440033,
    "loss": 0.5525152683258057
  },
  "r1calib": {
    "accuracy": 0.6861313581466675,
    "loss": 1.6736527681350708
  },
  "r2calib": {
    "accuracy": 0.5318351984024048,
    "loss": 0.8047537207603455
  },
  "r1calib_my_eval": [
    77.20588235294117,
    79.41176470588235
  ],
  "r2calib_my_eval": [
    54.92424242424242,
    51.515151515151516
  ]
}