{
  "seed": 329518890,
  "r1": {
    "accuracy": 0.25182482600212097,
    "loss": 1.1657801866531372
  },
  "r2": {
    "accuracy": 0.7078651785850525,
    "loss": 0.5886198878288269
  },
  "r1calib": {
    "accuracy": 0.18978102505207062,
    "loss": 1.2380272150039673
  },
  "r2calib": {
    "accuracy": 0.9176030158996582,
    "loss": 0.3660806715488434
  },
  "r1calib_my_eval": [
    11.76470588235294,
    8.823529411764707
  ],
  "r2calib_my_eval": [
    95.07575757575758,
    100.0
  ]
}