{
  "seed": 405189148,
  "r1": {
    "accuracy": 0.24452555179595947,
    "loss": 1.4041516780853271
  },
  "r2": {
    "accuracy": 0.7153558135032654,
    "loss": 0.6449204087257385
  },
  "r1calib": {
    "accuracy": 0.6642335653305054,
    "loss": 0.5360724925994873
  },
  "r2calib": {
    "accuracy": 0.5617977380752563,
    "loss": 0.9201334118843079
  },
  "r1calib_my_eval": [
    75.36764705882352,
    85.29411764705883
  ],
  "r2calib_my_eval": [
    55.303030303030305,
    57.57575757575758
  ]
}