{
  "seed": 425448222,
  "r1": {
    "accuracy": 0.3832116723060608,
    "loss": 1.225207805633545
  },
  "r2": {
    "accuracy": 0.6104868650436401,
    "loss": 0.8316619992256165
  },
  "r1calib": {
    "accuracy": 0.7700729966163635,
    "loss": 0.4702922999858856
  },
  "r2calib": {
    "accuracy": 0.3670412003993988,
    "loss": 0.9724932312965393
  },
  "r1calib_my_eval": [
    88.97058823529412,
    94.11764705882352
  ],
  "r2calib_my_eval": [
    32.95454545454545,
    36.36363636363637
  ]
}