{
  "seed": 497650635,
  "r1": {
    "accuracy": 0.20802919566631317,
    "loss": 1.3457764387130737
  },
  "r2": {
    "accuracy": 0.8089887499809265,
    "loss": 0.4806847870349884
  },
  "r1calib": {
    "accuracy": 0.5985401272773743,
    "loss": 0.6856676936149597
  },
  "r2calib": {
    "accuracy": 0.5767790079116821,
    "loss": 0.631558358669281
  },
  "r1calib_my_eval": [
    63.23529411764706,
    63.23529411764706
  ],
  "r2calib_my_eval": [
    62.121212121212125,
    69.69696969696969
  ]
}