{
  "seed": 526999337,
  "r1": {
    "accuracy": 0.35766422748565674,
    "loss": 0.9921786189079285
  },
  "r2": {
    "accuracy": 0.6217228174209595,
    "loss": 0.9021685123443604
  },
  "r1calib": {
    "accuracy": 0.8467153310775757,
    "loss": 0.3986324667930603
  },
  "r2calib": {
    "accuracy": 0.3333333432674408,
    "loss": 1.0176506042480469
  },
  "r1calib_my_eval": [
    89.33823529411765,
    97.05882352941177
  ],
  "r2calib_my_eval": [
    30.681818181818173,
    21.212121212121218
  ]
}