{
  "seed": 58033739,
  "r1": {
    "accuracy": 0.45255473256111145,
    "loss": 0.8057711720466614
  },
  "r2": {
    "accuracy": 0.5617977380752563,
    "loss": 0.8757650852203369
  },
  "r1calib": {
    "accuracy": 0.6751824617385864,
    "loss": 0.5731409192085266
  },
  "r2calib": {
    "accuracy": 0.5880149602890015,
    "loss": 0.761717677116394
  },
  "r1calib_my_eval": [
    77.94117647058823,
    79.41176470588235
  ],
  "r2calib_my_eval": [
    61.74242424242424,
    66.66666666666667
  ]
}