{
  "seed": 583687829,
  "r1": {
    "accuracy": 0.15328466892242432,
    "loss": 1.9667999744415283
  },
  "r2": {
    "accuracy": 0.8277153372764587,
    "loss": 0.4368257522583008
  },
  "r1calib": {
    "accuracy": 0.55474454164505,
    "loss": 0.7232666611671448
  },
  "r2calib": {
    "accuracy": 0.704119861125946,
    "loss": 0.5770928263664246
  },
  "r1calib_my_eval": [
    58.08823529411765,
    67.64705882352942
  ],
  "r2calib_my_eval": [
    83.71212121212122,
    84.84848484848484
  ]
}