{
  "seed": 587460114,
  "r1": {
    "accuracy": 0.24817518889904022,
    "loss": 1.9022893905639648
  },
  "r2": {
    "accuracy": 0.7191011309623718,
    "loss": 0.6637200713157654
  },
  "r1calib": {
    "accuracy": 0.6496350169181824,
    "loss": 0.5941166281700134
  },
  "r2calib": {
    "accuracy": 0.550561785697937,
    "loss": 0.7534204721450806
  },
  "r1calib_my_eval": [
    73.52941176470588,
    77.94117647058823
  ],
  "r2calib_my_eval": [
    50.378787878787875,
    51.515151515151516
  ]
}