{
  "seed": 607685088,
  "r1": {
    "accuracy": 0.16788321733474731,
    "loss": 1.7808083295822144
  },
  "r2": {
    "accuracy": 0.8052434325218201,
    "loss": 0.45047736167907715
  },
  "r1calib": {
    "accuracy": 0.5,
    "loss": 0.8379325866699219
  },
  "r2calib": {
    "accuracy": 0.737827718257904,
    "loss": 0.5580761432647705
  },
  "r1calib_my_eval": [
    53.30882352941176,
    50.0
  ],
  "r2calib_my_eval": [
    77.65151515151516,
    83.33333333333334
  ]
}