{
  "seed": 654747140,
  "r1": {
    "accuracy": 0.540145993232727,
    "loss": 0.9952532052993774
  },
  "r2": {
    "accuracy": 0.4606741666793823,
    "loss": 0.7940434813499451
  },
  "r1calib": {
    "accuracy": 0.4197080433368683,
    "loss": 0.9461269974708557
  },
  "r2calib": {
    "accuracy": 0.7752808928489685,
    "loss": 0.4823463261127472
  },
  "r1calib_my_eval": [
    37.13235294117647,
    38.23529411764706
  ],
  "r2calib_my_eval": [
    87.5,
    95.45454545454545
  ]
}