{
  "seed": 714062248,
  "r1": {
    "accuracy": 0.18248175084590912,
    "loss": 2.6972837448120117
  },
  "r2": {
    "accuracy": 0.8651685118675232,
    "loss": 0.388718843460083
  },
  "r1calib": {
    "accuracy": 0.7956204414367676,
    "loss": 0.4933147430419922
  },
  "r2calib": {
    "accuracy": 0.48689138889312744,
    "loss": 0.7925078868865967
  },
  "r1calib_my_eval": [
    90.80882352941177,
    98.52941176470588
  ],
  "r2calib_my_eval": [
    43.560606060606055,
    39.39393939393939
  ]
}