{
  "seed": 745113655,
  "r1": {
    "accuracy": 0.16058394312858582,
    "loss": 1.468493103981018
  },
  "r2": {
    "accuracy": 0.8389512896537781,
    "loss": 0.41001996397972107
  },
  "r1calib": {
    "accuracy": 0.569343090057373,
    "loss": 0.6031659245491028
  },
  "r2calib": {
    "accuracy": 0.5543071031570435,
    "loss": 0.7285928726196289
  },
  "r1calib_my_eval": [
    66.17647058823529,
    75.0
  ],
  "r2calib_my_eval": [
    51.89393939393939,
    53.03030303030303
  ]
}