{
  "seed": 746283315,
  "r1": {
    "accuracy": 0.3102189898490906,
    "loss": 1.0911688804626465
  },
  "r2": {
    "accuracy": 0.5955055952072144,
    "loss": 0.7992146015167236
  },
  "r1calib": {
    "accuracy": 0.4927007257938385,
    "loss": 0.7108267545700073
  },
  "r2calib": {
    "accuracy": 0.7602996230125427,
    "loss": 0.6295980215072632
  },
  "r1calib_my_eval": [
    62.13235294117647,
    67.64705882352942
  ],
  "r2calib_my_eval": [
    79.54545454545455,
    81.81818181818181
  ]
}