{
  "seed": 795154502,
  "r1": {
    "accuracy": 0.15328466892242432,
    "loss": 2.022371768951416
  },
  "r2": {
    "accuracy": 0.8202247023582458,
    "loss": 0.5173869132995605
  },
  "r1calib": {
    "accuracy": 0.5656934380531311,
    "loss": 0.6138940453529358
  },
  "r2calib": {
    "accuracy": 0.7303370833396912,
    "loss": 0.7217938899993896
  },
  "r1calib_my_eval": [
    70.58823529411765,
    77.94117647058823
  ],
  "r2calib_my_eval": [
    68.56060606060606,
    72.72727272727273
  ]
}