{
  "seed": 815746993,
  "r1": {
    "accuracy": 0.45255473256111145,
    "loss": 1.0701473951339722
  },
  "r2": {
    "accuracy": 0.5243445634841919,
    "loss": 0.7850120067596436
  },
  "r1calib": {
    "accuracy": 0.8029196858406067,
    "loss": 0.4420926868915558
  },
  "r2calib": {
    "accuracy": 0.3670412003993988,
    "loss": 1.4145574569702148
  },
  "r1calib_my_eval": [
    89.33823529411765,
    94.11764705882352
  ],
  "r2calib_my_eval": [
    28.03030303030303,
    21.212121212121218
  ]
}