{
  "seed": 819441802,
  "r1": {
    "accuracy": 0.19343066215515137,
    "loss": 1.9450229406356812
  },
  "r2": {
    "accuracy": 0.779026210308075,
    "loss": 0.496995747089386
  },
  "r1calib": {
    "accuracy": 0.5948905348777771,
    "loss": 0.6768207550048828
  },
  "r2calib": {
    "accuracy": 0.6329588294029236,
    "loss": 0.6440459489822388
  },
  "r1calib_my_eval": [
    67.27941176470588,
    70.58823529411765
  ],
  "r2calib_my_eval": [
    71.5909090909091,
    68.18181818181819
  ]
}