{
  "seed": 848424360,
  "r1": {
    "accuracy": 0.3467153310775757,
    "loss": 1.0117814540863037
  },
  "r2": {
    "accuracy": 0.6666666865348816,
    "loss": 0.6470418572425842
  },
  "r1calib": {
    "accuracy": 0.7335766553878784,
    "loss": 0.5380855202674866
  },
  "r2calib": {
    "accuracy": 0.5992509126663208,
    "loss": 0.7479401230812073
  },
  "r1calib_my_eval": [
    83.45588235294117,
    83.82352941176471
  ],
  "r2calib_my_eval": [
    65.15151515151516,
    63.63636363636363
  ]
}