{
  "seed": 848492844,
  "r1": {
    "accuracy": 0.2956204414367676,
    "loss": 1.3361303806304932
  },
  "r2": {
    "accuracy": 0.6966292262077332,
    "loss": 0.705792248249054
  },
  "r1calib": {
    "accuracy": 0.485401451587677,
    "loss": 0.7531512975692749
  },
  "r2calib": {
    "accuracy": 0.6779026389122009,
    "loss": 0.5927920937538147
  },
  "r1calib_my_eval": [
    51.10294117647059,
    52.94117647058824
  ],
  "r2calib_my_eval": [
    72.34848484848484,
    84.84848484848484
  ]
}