{
  "seed": 849860125,
  "r1": {
    "accuracy": 0.21167883276939392,
    "loss": 1.4347549676895142
  },
  "r2": {
    "accuracy": 0.7677902579307556,
    "loss": 0.5919845104217529
  },
  "r1calib": {
    "accuracy": 0.6678832173347473,
    "loss": 0.6861981153488159
  },
  "r2calib": {
    "accuracy": 0.4606741666793823,
    "loss": 0.7130929827690125
  },
  "r1calib_my_eval": [
    68.38235294117648,
    70.58823529411765
  ],
  "r2calib_my_eval": [
    58.71212121212121,
    62.121212121212125
  ]
}