{
  "seed": 866459699,
  "r1": {
    "accuracy": 0.3686131238937378,
    "loss": 0.9741988182067871
  },
  "r2": {
    "accuracy": 0.6142321825027466,
    "loss": 0.8291763067245483
  },
  "r1calib": {
    "accuracy": 0.7262773513793945,
    "loss": 0.564935028553009
  },
  "r2calib": {
    "accuracy": 0.5692883729934692,
    "loss": 0.7193533182144165
  },
  "r1calib_my_eval": [
    77.20588235294117,
    85.29411764705883
  ],
  "r2calib_my_eval": [
    67.04545454545455,
    74.24242424242425
  ]
}