{
  "seed": 925321167,
  "r1": {
    "accuracy": 0.06934306770563126,
    "loss": 0.7109763026237488
  },
  "r2": {
    "accuracy": 0.8876404762268066,
    "loss": 0.6911372542381287
  },
  "r1calib": {
    "accuracy": 0.0036496350076049566,
    "loss": 0.7179983854293823
  },
  "r2calib": {
    "accuracy": 1.0,
    "loss": 0.6664016246795654
  },
  "r1calib_my_eval": [
    0.3676470588235294,
    1.4705882352941175
  ],
  "r2calib_my_eval": [
    100.0,
    100.0
  ]
}