{
  "seed": 975926696,
  "r1": {
    "accuracy": 0.1386861354112625,
    "loss": 1.393997311592102
  },
  "r2": {
    "accuracy": 0.8052434325218201,
    "loss": 0.43023720383644104
  },
  "r1calib": {
    "accuracy": 0.4708029329776764,
    "loss": 0.9104682803153992
  },
  "r2calib": {
    "accuracy": 0.6591760516166687,
    "loss": 0.553974449634552
  },
  "r1calib_my_eval": [
    39.338235294117645,
    27.941176470588236
  ],
  "r2calib_my_eval": [
    76.51515151515152,
    84.84848484848484
  ]
}