{
  "r1": {
    "accuracy": 0.5729926824569702,
    "loss": 2.0037481784820557
  },
  "r1calib": {
    "accuracy": 0.43795621395111084,
    "loss": 1.7675265073776245
  },
  "r1calib_my_eval": [
    49.26470588235294,
    52.94117647058824
  ],
  "r2": {
    "accuracy": 0.4681648015975952,
    "loss": 1.0080114603042603
  },
  "r2calib": {
    "accuracy": 0.7490636706352234,
    "loss": 0.5764765739440918
  },
  "r2calib_my_eval": [
    80.87121212121212,
    86.36363636363636
  ],
  "seed": 107246068
}