{
  "r1": [
    3.0613150596618652,
    0.21167883276939392
  ],
  "r1calib": [
    1.426758885383606,
    0.21167883276939392
  ],
  "r1calib_my_eval": [
    15.992647058823529,
    10.294117647058822
  ],
  "r2": [
    0.5460472106933594,
    0.7453183531761169
  ],
  "r2calib": [
    0.3760451078414917,
    0.898876428604126
  ],
  "r2calib_my_eval": [
    96.5909090909091,
    100.0
  ],
  "seed": 112066167
}