{
  "r1": {
    "accuracy": 0.20802919566631317,
    "loss": 3.044330358505249
  },
  "r1calib": {
    "accuracy": 0.9270073175430298,
    "loss": 0.2560039162635803
  },
  "r1calib_my_eval": [
    97.61029411764706,
    100.0
  ],
  "r2": {
    "accuracy": 0.7827715277671814,
    "loss": 0.5514692664146423
  },
  "r2calib": {
    "accuracy": 0.23970037698745728,
    "loss": 1.4458258152008057
  },
  "r2calib_my_eval": [
    13.068181818181827,
    4.545454545454547
  ],
  "seed": 14987921
}