{
  "r1": {
    "accuracy": 0.20802919566631317,
    "loss": 2.269923686981201
  },
  "r1calib": {
    "accuracy": 0.543795645236969,
    "loss": 0.8487573266029358
  },
  "r1calib_my_eval": [
    56.25,
    58.08823529411765
  ],
  "r2": {
    "accuracy": 0.812734067440033,
    "loss": 0.5122990608215332
  },
  "r2calib": {
    "accuracy": 0.7340824007987976,
    "loss": 0.5250816345214844
  },
  "r2calib_my_eval": [
    82.19696969696969,
    94.6969696969697
  ],
  "seed": 164416003
}