{
  "r1": [
    1.3479347229003906,
    0.35766422748565674
  ],
  "r1calib": {
    "accuracy": 0.55474454164505,
    "loss": 0.8201104998588562
  },
  "r1calib_my_eval": [
    56.61764705882353,
    58.08823529411765
  ],
  "r2": [
    0.7321093678474426,
    0.6554307341575623
  ],
  "r2calib": {
    "accuracy": 0.7902621626853943,
    "loss": 0.521689772605896
  },
  "r2calib_my_eval": [
    82.19696969696969,
    85.60606060606061
  ],
  "seed": 189511639
}