{
  "r1": {
    "accuracy": 0.09489051252603531,
    "loss": 2.3209269046783447
  },
  "r1calib": {
    "accuracy": 0.3540146052837372,
    "loss": 0.8168392777442932
  },
  "r1calib_my_eval": [
    30.14705882352941,
    33.088235294117645
  ],
  "r2": {
    "accuracy": 0.8951311111450195,
    "loss": 0.33164259791374207
  },
  "r2calib": {
    "accuracy": 0.9026217460632324,
    "loss": 0.47671082615852356
  },
  "r2calib_my_eval": [
    94.50757575757575,
    99.24242424242425
  ],
  "seed": 229778820
}