{
  "r1": [
    1.0462589263916016,
    0.32846716046333313
  ],
  "r1calib": [
    0.6735929250717163,
    0.5474452376365662
  ],
  "r1calib_my_eval": [
    61.94852941176471,
    67.64705882352942
  ],
  "r2": [
    0.7220727801322937,
    0.6554307341575623
  ],
  "r2calib": [
    0.6155439019203186,
    0.670412003993988
  ],
  "r2calib_my_eval": [
    77.08333333333334,
    80.30303030303031
  ],
  "seed": 303602108
}