{
  "r1": [
    4.7105631828308105,
    0.4124087691307068
  ],
  "r1calib": [
    0.756840169429779,
    0.5474452376365662
  ],
  "r1calib_my_eval": [
    60.11029411764706,
    69.11764705882352
  ],
  "r2": [
    0.6706430912017822,
    0.6254681944847107
  ],
  "r2calib": [
    0.5238138437271118,
    0.7640449404716492
  ],
  "r2calib_my_eval": [
    85.98484848484848,
    93.18181818181819
  ],
  "seed": 339704384
}