{
  "r1": [
    1.2025285959243774,
    0.23722627758979797
  ],
  "r1calib": {
    "accuracy": 0.6751824617385864,
    "loss": 0.5762237310409546
  },
  "r1calib_my_eval": [
    75.91911764705883,
    80.88235294117648
  ],
  "r2": [
    0.5914329886436462,
    0.7078651785850525
  ],
  "r2calib": {
    "accuracy": 0.47940075397491455,
    "loss": 0.8313601016998291
  },
  "r2calib_my_eval": [
    47.72727272727273,
    46.21212121212122
  ],
  "seed": 357224324
}