{
  "r1": {
    "accuracy": 0.21897810697555542,
    "loss": 2.116086483001709
  },
  "r1calib": {
    "accuracy": 0.47445255517959595,
    "loss": 0.7080907821655273
  },
  "r1calib_my_eval": [
    53.125,
    57.35294117647059
  ],
  "r2": {
    "accuracy": 0.812734067440033,
    "loss": 0.476849764585495
  },
  "r2calib": {
    "accuracy": 0.7303370833396912,
    "loss": 0.6324408650398254
  },
  "r2calib_my_eval": [
    75.75757575757575,
    81.81818181818181
  ],
  "seed": 36383430
}