{
  "r1": [
    1.6258536577224731,
    0.25912410020828247
  ],
  "r1calib": [
    0.4397504925727844,
    0.8467153310775757
  ],
  "r1calib_my_eval": [
    93.38235294117648,
    99.26470588235294
  ],
  "r2": [
    0.6033228635787964,
    0.6591760516166687
  ],
  "r2calib": [
    0.9695541858673096,
    0.32209739089012146
  ],
  "r2calib_my_eval": [
    21.590909090909093,
    15.909090909090907
  ],
  "seed": 384204290
}