{
  "r1": {
    "accuracy": 0.19343066215515137,
    "loss": 1.9815428256988525
  },
  "r1calib": {
    "accuracy": 0.34306567907333374,
    "loss": 0.9389985799789429
  },
  "r1calib_my_eval": [
    35.294117647058826,
    36.029411764705884
  ],
  "r2": {
    "accuracy": 0.812734067440033,
    "loss": 0.4579215943813324
  },
  "r2calib": {
    "accuracy": 0.7827715277671814,
    "loss": 0.4849075675010681
  },
  "r2calib_my_eval": [
    88.63636363636364,
    96.96969696969697
  ],
  "seed": 455709734
}