{"seed": 469005400, "r1": [1.3223944902420044, 0.23722627758979797], "r2": [0.4690646827220917, 0.7940074801445007], "r1calib": [0.7585004568099976, 0.510948896408081], "r1calib_my_eval": [57.53676470588235, 61.029411764705884], "r2calib": [0.5183716416358948, 0.7303370833396912], "r2calib_my_eval": [84.46969696969697, 90.9090909090909]}