{
  "r1": {
    "accuracy": 0.43065693974494934,
    "loss": 1.8773857355117798
  },
  "r1calib": {
    "accuracy": 0.18978102505207062,
    "loss": 1.2366867065429688
  },
  "r1calib_my_eval": [
    14.88970588235294,
    10.294117647058822
  ],
  "r2": {
    "accuracy": 0.5355805158615112,
    "loss": 0.7809556722640991
  },
  "r2calib": {
    "accuracy": 0.8801498413085938,
    "loss": 0.3662724792957306
  },
  "r2calib_my_eval": [
    95.64393939393939,
    99.24242424242425
  ],
  "seed": 503625180
}