{
  "r1": {
    "accuracy": 0.5072992444038391,
    "loss": 1.2864465713500977
  },
  "r1calib": {
    "accuracy": 0.5620437860488892,
    "loss": 0.6531455516815186
  },
  "r1calib_my_eval": [
    66.72794117647058,
    72.05882352941177
  ],
  "r2": {
    "accuracy": 0.5056179761886597,
    "loss": 0.8182401061058044
  },
  "r2calib": {
    "accuracy": 0.6292135119438171,
    "loss": 0.6485418081283569
  },
  "r2calib_my_eval": [
    69.69696969696969,
    74.24242424242425
  ],
  "seed": 514623664
}