{"seed": 536168754, "r1": [0.8670005798339844, 0.47445255517959595], "r2": [0.8340185284614563, 0.4906367063522339], "r1calib": [0.2919246554374695, 0.9927007555961609], "r1calib_my_eval": [100.0, 100.0], "r2calib": [1.204422116279602, 0.1086142286658287], "r2calib_my_eval": [4.356060606060609, 1.5151515151515156]}