{
  "r1": [
    2.4657042026519775,
    0.3540146052837372
  ],
  "r1calib": {
    "accuracy": 0.37226277589797974,
    "loss": 0.9305570125579834
  },
  "r1calib_my_eval": [
    32.35294117647059,
    27.941176470588236
  ],
  "r2": [
    0.7017331719398499,
    0.6441947817802429
  ],
  "r2calib": {
    "accuracy": 0.6966292262077332,
    "loss": 0.5442302823066711
  },
  "r2calib_my_eval": [
    78.59848484848484,
    84.0909090909091
  ],
  "seed": 566643819
}