{
  "r1": {
    "accuracy": 0.17883211374282837,
    "loss": 1.7626014947891235
  },
  "r1calib": {
    "accuracy": 0.7043795585632324,
    "loss": 0.5210199356079102
  },
  "r1calib_my_eval": [
    81.61764705882352,
    88.23529411764706
  ],
  "r2": {
    "accuracy": 0.779026210308075,
    "loss": 0.47798508405685425
  },
  "r2calib": {
    "accuracy": 0.5468164682388306,
    "loss": 0.905808687210083
  },
  "r2calib_my_eval": [
    49.24242424242424,
    46.21212121212122
  ],
  "seed": 650566760
}