{
  "r1": {
    "accuracy": 0.2664233446121216,
    "loss": 1.2497256994247437
  },
  "r1calib": {
    "accuracy": 0.514598548412323,
    "loss": 0.7921648025512695
  },
  "r1calib_my_eval": [
    45.588235294117645,
    44.11764705882353
  ],
  "r2": {
    "accuracy": 0.7078651785850525,
    "loss": 0.6803889274597168
  },
  "r2calib": {
    "accuracy": 0.6329588294029236,
    "loss": 0.5534712076187134
  },
  "r2calib_my_eval": [
    79.35606060606061,
    88.63636363636364
  ],
  "seed": 694976227
}