{
  "r1": {
    "accuracy": 0.2700729966163635,
    "loss": 1.6826711893081665
  },
  "r1calib": {
    "accuracy": 0.4051094949245453,
    "loss": 0.6388545036315918
  },
  "r1calib_my_eval": [
    61.21323529411765,
    76.47058823529412
  ],
  "r2": {
    "accuracy": 0.7677902579307556,
    "loss": 0.5122779011726379
  },
  "r2calib": {
    "accuracy": 0.7902621626853943,
    "loss": 0.6628536581993103
  },
  "r2calib_my_eval": [
    78.59848484848484,
    81.06060606060606
  ],
  "seed": 759010830
}