{
  "r1": {
    "accuracy": 0.21897810697555542,
    "loss": 1.526781439781189
  },
  "r1calib": {
    "accuracy": 0.540145993232727,
    "loss": 0.6669588088989258
  },
  "r1calib_my_eval": [
    67.09558823529412,
    75.0
  ],
  "r2": {
    "accuracy": 0.779026210308075,
    "loss": 0.47874879837036133
  },
  "r2calib": {
    "accuracy": 0.6853932738304138,
    "loss": 0.6105201244354248
  },
  "r2calib_my_eval": [
    76.51515151515152,
    83.33333333333334
  ],
  "seed": 787585776
}