{
  "r1": {
    "accuracy": 0.29197078943252563,
    "loss": 2.611067295074463
  },
  "r1calib": {
    "accuracy": 0.39416059851646423,
    "loss": 0.9584335088729858
  },
  "r1calib_my_eval": [
    42.463235294117645,
    41.17647058823529
  ],
  "r2": {
    "accuracy": 0.6966292262077332,
    "loss": 0.6291587352752686
  },
  "r2calib": {
    "accuracy": 0.8202247023582458,
    "loss": 0.5004283785820007
  },
  "r2calib_my_eval": [
    89.58333333333333,
    96.96969696969697
  ],
  "seed": 873925416
}