{
  "r1": [
    1.5661187171936035,
    0.34306567907333374
  ],
  "r1calib": [
    1.0032188892364502,
    0.16423358023166656
  ],
  "r1calib_my_eval": [
    16.911764705882355,
    13.970588235294118
  ],
  "r2": [
    0.6943115592002869,
    0.6479400992393494
  ],
  "r2calib": [
    0.403160035610199,
    0.9475655555725098
  ],
  "r2calib_my_eval": [
    97.91666666666667,
    100.0
  ],
  "seed": 904678380
}