{
  "r1": {
    "accuracy": 0.41605839133262634,
    "loss": 1.082540512084961
  },
  "r1calib": {
    "accuracy": 0.4124087691307068,
    "loss": 0.7921048402786255
  },
  "r1calib_my_eval": [
    43.19852941176471,
    45.588235294117645
  ],
  "r2": {
    "accuracy": 0.6067415475845337,
    "loss": 0.7750390768051147
  },
  "r2calib": {
    "accuracy": 0.7528089880943298,
    "loss": 0.5766644477844238
  },
  "r2calib_my_eval": [
    81.81818181818181,
    84.0909090909091
  ],
  "seed": 909309130
}