{
  "r1": {
    "accuracy": 0.1386861354112625,
    "loss": 1.8013519048690796
  },
  "r1calib": {
    "accuracy": 0.8686131238937378,
    "loss": 0.3687102496623993
  },
  "r1calib_my_eval": [
    94.30147058823529,
    99.26470588235294
  ],
  "r2": {
    "accuracy": 0.8726591467857361,
    "loss": 0.3537755608558655
  },
  "r2calib": {
    "accuracy": 0.2921348214149475,
    "loss": 1.115395426750183
  },
  "r2calib_my_eval": [
    20.454545454545453,
    12.121212121212125
  ],
  "seed": 950965341
}