{
  "seed": 114556815,
  "r1": {
    "accuracy": 0.29197078943252563,
    "loss": 1.5214126110076904
  },
  "r2": {
    "accuracy": 0.704119861125946,
    "loss": 0.8361275792121887
  },
  "r1calib": {
    "accuracy": 0.5985401272773743,
    "loss": 0.9726300835609436
  },
  "r2calib": {
    "accuracy": 0.6966292262077332,
    "loss": 0.7913273572921753
  },
  "r1calib_my_eval": [
    67.27941176470588,
    66.17647058823529
  ],
  "r2calib_my_eval": [
    77.27272727272728,
    78.78787878787878
  ]
}