{
  "seed": 115470330,
  "r1": {
    "accuracy": 0.14963503181934357,
    "loss": 1.009117603302002
  },
  "r2": {
    "accuracy": 0.8239700198173523,
    "loss": 0.49873465299606323
  },
  "r1calib": {
    "accuracy": 0.6021897792816162,
    "loss": 1.1339517831802368
  },
  "r2calib": {
    "accuracy": 0.6554307341575623,
    "loss": 0.5503121614456177
  },
  "r1calib_my_eval": [
    56.98529411764706,
    54.41176470588235
  ],
  "r2calib_my_eval": [
    76.89393939393939,
    86.36363636363636
  ]
}