{
  "seed": 120122616,
  "r1": {
    "accuracy": 0.25182482600212097,
    "loss": 2.075225353240967
  },
  "r2": {
    "accuracy": 0.7602996230125427,
    "loss": 0.6780069470405579
  },
  "r1calib": {
    "accuracy": 0.09124087542295456,
    "loss": 0.8927995562553406
  },
  "r2calib": {
    "accuracy": 0.9925093650817871,
    "loss": 0.5474972724914551
  },
  "r1calib_my_eval": [
    18.014705882352942,
    27.941176470588236
  ],
  "r2calib_my_eval": [
    99.62121212121212,
    100.0
  ]
}