{
  "seed": 162188745,
  "r1": {
    "accuracy": 0.40145984292030334,
    "loss": 1.1928576231002808
  },
  "r2": {
    "accuracy": 0.670412003993988,
    "loss": 0.7391486763954163
  },
  "r1calib": {
    "accuracy": 0.30656933784484863,
    "loss": 1.4966964721679688
  },
  "r2calib": {
    "accuracy": 0.8764045238494873,
    "loss": 0.28908273577690125
  },
  "r1calib_my_eval": [
    27.573529411764707,
    22.058823529411764
  ],
  "r2calib_my_eval": [
    95.45454545454545,
    100.0
  ]
}