{
  "seed": 197823501,
  "r1": {
    "accuracy": 0.30656933784484863,
    "loss": 1.8804216384887695
  },
  "r2": {
    "accuracy": 0.6591760516166687,
    "loss": 0.7702752351760864
  },
  "r1calib": {
    "accuracy": 0.55474454164505,
    "loss": 0.6717405319213867
  },
  "r2calib": {
    "accuracy": 0.670412003993988,
    "loss": 0.658494770526886
  },
  "r1calib_my_eval": [
    68.38235294117648,
    76.47058823529412
  ],
  "r2calib_my_eval": [
    70.83333333333333,
    74.24242424242425
  ]
}