{
  "seed": 244115736,
  "r1": {
    "accuracy": 0.262773722410202,
    "loss": 1.0062252283096313
  },
  "r2": {
    "accuracy": 0.7153558135032654,
    "loss": 0.7057048082351685
  },
  "r1calib": {
    "accuracy": 0.4051094949245453,
    "loss": 1.0829315185546875
  },
  "r2calib": {
    "accuracy": 0.8576778769493103,
    "loss": 0.36303117871284485
  },
  "r1calib_my_eval": [
    37.13235294117647,
    38.23529411764706
  ],
  "r2calib_my_eval": [
    95.83333333333333,
    98.48484848484848
  ]
}