{
  "seed": 253239426,
  "r1": {
    "accuracy": 0.33576643466949463,
    "loss": 1.0646350383758545
  },
  "r2": {
    "accuracy": 0.7340824007987976,
    "loss": 0.5862187743186951
  },
  "r1calib": {
    "accuracy": 0.40875911712646484,
    "loss": 1.2295717000961304
  },
  "r2calib": {
    "accuracy": 0.8389512896537781,
    "loss": 0.3679315149784088
  },
  "r1calib_my_eval": [
    36.029411764705884,
    30.88235294117647
  ],
  "r2calib_my_eval": [
    92.42424242424242,
    96.96969696969697
  ]
}