{
  "seed": 256191468,
  "r1": {
    "accuracy": 0.131386861205101,
    "loss": 1.5991578102111816
  },
  "r2": {
    "accuracy": 0.8239700198173523,
    "loss": 0.459299772977829
  },
  "r1calib": {
    "accuracy": 0.7007299065589905,
    "loss": 0.6063045859336853
  },
  "r2calib": {
    "accuracy": 0.5205992460250854,
    "loss": 0.8754363656044006
  },
  "r1calib_my_eval": [
    80.88235294117648,
    88.23529411764706
  ],
  "r2calib_my_eval": [
    56.43939393939394,
    57.57575757575758
  ]
}