{
  "seed": 288742051,
  "r1": {
    "accuracy": 0.21532846987247467,
    "loss": 1.362981915473938
  },
  "r2": {
    "accuracy": 0.7827715277671814,
    "loss": 0.5089825391769409
  },
  "r1calib": {
    "accuracy": 0.7554744482040405,
    "loss": 0.4846547842025757
  },
  "r2calib": {
    "accuracy": 0.3745318353176117,
    "loss": 1.0409870147705078
  },
  "r1calib_my_eval": [
    83.08823529411765,
    88.23529411764706
  ],
  "r2calib_my_eval": [
    30.681818181818173,
    19.696969696969703
  ]
}