{
  "seed": 366057757,
  "r1": {
    "accuracy": 0.10948905348777771,
    "loss": 1.8317540884017944
  },
  "r2": {
    "accuracy": 0.9063670635223389,
    "loss": 0.32927635312080383
  },
  "r1calib": {
    "accuracy": 0.7591241002082825,
    "loss": 0.5378690361976624
  },
  "r2calib": {
    "accuracy": 0.4344569146633148,
    "loss": 1.2746822834014893
  },
  "r1calib_my_eval": [
    80.88235294117648,
    86.76470588235294
  ],
  "r2calib_my_eval": [
    40.90909090909091,
    36.36363636363637
  ]
}