{
  "seed": 413114715,
  "r1": {
    "accuracy": 0.14963503181934357,
    "loss": 2.1217501163482666
  },
  "r2": {
    "accuracy": 0.8277153372764587,
    "loss": 0.4542332589626312
  },
  "r1calib": {
    "accuracy": 0.48175182938575745,
    "loss": 0.7503350377082825
  },
  "r2calib": {
    "accuracy": 0.7715355753898621,
    "loss": 0.5178624987602234
  },
  "r1calib_my_eval": [
    51.83823529411765,
    52.94117647058824
  ],
  "r2calib_my_eval": [
    82.19696969696969,
    89.39393939393939
  ]
}