{
  "seed": 448761568,
  "r1": {
    "accuracy": 0.12408759444952011,
    "loss": 1.804380178451538
  },
  "r2": {
    "accuracy": 0.8576778769493103,
    "loss": 0.366106241941452
  },
  "r1calib": {
    "accuracy": 0.5802919864654541,
    "loss": 1.1575326919555664
  },
  "r2calib": {
    "accuracy": 0.6816479563713074,
    "loss": 0.8231094479560852
  },
  "r1calib_my_eval": [
    63.970588235294116,
    67.64705882352942
  ],
  "r2calib_my_eval": [
    75.75757575757575,
    83.33333333333334
  ]
}