{
  "seed": 557209455,
  "r1": {
    "accuracy": 0.3978102207183838,
    "loss": 1.2923063039779663
  },
  "r2": {
    "accuracy": 0.5543071031570435,
    "loss": 0.9432616829872131
  },
  "r1calib": {
    "accuracy": 0.510948896408081,
    "loss": 0.9636231660842896
  },
  "r2calib": {
    "accuracy": 0.7715355753898621,
    "loss": 0.5369956493377686
  },
  "r1calib_my_eval": [
    59.55882352941176,
    52.94117647058824
  ],
  "r2calib_my_eval": [
    85.22727272727272,
    89.39393939393939
  ]
}