{
  "seed": 563406541,
  "r1": {
    "accuracy": 0.10948905348777771,
    "loss": 1.7354425191879272
  },
  "r2": {
    "accuracy": 0.8726591467857361,
    "loss": 0.3396407663822174
  },
  "r1calib": {
    "accuracy": 0.7883211970329285,
    "loss": 0.42998144030570984
  },
  "r2calib": {
    "accuracy": 0.4569288492202759,
    "loss": 1.3294634819030762
  },
  "r1calib_my_eval": [
    90.07352941176471,
    95.58823529411765
  ],
  "r2calib_my_eval": [
    46.21212121212122,
    34.848484848484844
  ]
}