{
  "seed": 598739167,
  "r1": {
    "accuracy": 0.3175182342529297,
    "loss": 1.829054355621338
  },
  "r2": {
    "accuracy": 0.704119861125946,
    "loss": 0.606420636177063
  },
  "r1calib": {
    "accuracy": 0.5474452376365662,
    "loss": 0.752042293548584
  },
  "r2calib": {
    "accuracy": 0.6928839087486267,
    "loss": 0.6448194980621338
  },
  "r1calib_my_eval": [
    59.19117647058824,
    64.70588235294117
  ],
  "r2calib_my_eval": [
    76.51515151515152,
    84.84848484848484
  ]
}