{
  "seed": 673505679,
  "r1": {
    "accuracy": 0.22992700338363647,
    "loss": 1.2473803758621216
  },
  "r2": {
    "accuracy": 0.8876404762268066,
    "loss": 0.44490936398506165
  },
  "r1calib": {
    "accuracy": 0.5218977928161621,
    "loss": 1.1116621494293213
  },
  "r2calib": {
    "accuracy": 0.6217228174209595,
    "loss": 0.5588870048522949
  },
  "r1calib_my_eval": [
    48.529411764705884,
    39.705882352941174
  ],
  "r2calib_my_eval": [
    79.54545454545455,
    89.39393939393939
  ]
}