{
  "seed": 699175397,
  "r1": {
    "accuracy": 0.12043795734643936,
    "loss": 1.9886220693588257
  },
  "r2": {
    "accuracy": 0.8426966071128845,
    "loss": 0.3273167014122009
  },
  "r1calib": {
    "accuracy": 0.8029196858406067,
    "loss": 0.423239141702652
  },
  "r2calib": {
    "accuracy": 0.40449437499046326,
    "loss": 1.4004145860671997
  },
  "r1calib_my_eval": [
    87.13235294117648,
    92.64705882352942
  ],
  "r2calib_my_eval": [
    35.60606060606061,
    36.36363636363637
  ]
}