{
  "seed": 711902253,
  "r1": {
    "accuracy": 0.25912410020828247,
    "loss": 2.3396458625793457
  },
  "r2": {
    "accuracy": 0.8164793848991394,
    "loss": 0.5027815699577332
  },
  "r1calib": {
    "accuracy": 0.5948905348777771,
    "loss": 0.9760864973068237
  },
  "r2calib": {
    "accuracy": 0.6554307341575623,
    "loss": 0.681691586971283
  },
  "r1calib_my_eval": [
    61.76470588235294,
    58.82352941176471
  ],
  "r2calib_my_eval": [
    78.4090909090909,
    81.81818181818181
  ]
}