{
  "seed": 71467787,
  "r1": {
    "accuracy": 0.3029197156429291,
    "loss": 1.0482850074768066
  },
  "r2": {
    "accuracy": 0.6779026389122009,
    "loss": 0.6971067786216736
  },
  "r1calib": {
    "accuracy": 0.55474454164505,
    "loss": 0.7642676830291748
  },
  "r2calib": {
    "accuracy": 0.6629213690757751,
    "loss": 0.618492603302002
  },
  "r1calib_my_eval": [
    66.91176470588235,
    72.05882352941177
  ],
  "r2calib_my_eval": [
    76.89393939393939,
    83.33333333333334
  ]
}