{
  "seed": 72007104,
  "r1": {
    "accuracy": 0.047445256263017654,
    "loss": 3.3635172843933105
  },
  "r2": {
    "accuracy": 0.9625468254089355,
    "loss": 0.21087460219860077
  },
  "r1calib": {
    "accuracy": 0.529197096824646,
    "loss": 0.8420827984809875
  },
  "r2calib": {
    "accuracy": 0.7228464484214783,
    "loss": 0.5422114133834839
  },
  "r1calib_my_eval": [
    54.04411764705882,
    54.41176470588235
  ],
  "r2calib_my_eval": [
    80.30303030303031,
    86.36363636363636
  ]
}