{
  "seed": 752795162,
  "r1": {
    "accuracy": 0.55474454164505,
    "loss": 1.0157967805862427
  },
  "r2": {
    "accuracy": 0.5093632936477661,
    "loss": 0.9708725214004517
  },
  "r1calib": {
    "accuracy": 0.4270072877407074,
    "loss": 2.436803102493286
  },
  "r2calib": {
    "accuracy": 0.7865168452262878,
    "loss": 0.4045618176460266
  },
  "r1calib_my_eval": [
    38.23529411764706,
    39.705882352941174
  ],
  "r2calib_my_eval": [
    84.84848484848484,
    92.42424242424242
  ]
}