{
  "seed": 798359927,
  "r1": {
    "accuracy": 0.3248175084590912,
    "loss": 1.4151901006698608
  },
  "r2": {
    "accuracy": 0.670412003993988,
    "loss": 0.6374115347862244
  },
  "r1calib": {
    "accuracy": 0.529197096824646,
    "loss": 0.8832080960273743
  },
  "r2calib": {
    "accuracy": 0.617977499961853,
    "loss": 0.7053030133247375
  },
  "r1calib_my_eval": [
    60.29411764705882,
    66.17647058823529
  ],
  "r2calib_my_eval": [
    64.39393939393939,
    68.18181818181819
  ]
}