{
  "seed": 798753124,
  "r1": {
    "accuracy": 0.20437955856323242,
    "loss": 2.5596022605895996
  },
  "r2": {
    "accuracy": 0.8052434325218201,
    "loss": 0.5389766693115234
  },
  "r1calib": {
    "accuracy": 0.6569343209266663,
    "loss": 0.543279767036438
  },
  "r2calib": {
    "accuracy": 0.6441947817802429,
    "loss": 0.7531314492225647
  },
  "r1calib_my_eval": [
    84.19117647058823,
    92.64705882352942
  ],
  "r2calib_my_eval": [
    71.5909090909091,
    72.72727272727273
  ]
}