{
  "seed": 830870138,
  "r1": {
    "accuracy": 0.17518247663974762,
    "loss": 1.4303219318389893
  },
  "r2": {
    "accuracy": 0.8614231944084167,
    "loss": 0.47637543082237244
  },
  "r1calib": {
    "accuracy": 0.6605839133262634,
    "loss": 0.594484806060791
  },
  "r2calib": {
    "accuracy": 0.5580524206161499,
    "loss": 0.7669021487236023
  },
  "r1calib_my_eval": [
    75.73529411764706,
    85.29411764705883
  ],
  "r2calib_my_eval": [
    60.22727272727273,
    57.57575757575758
  ]
}