{
  "seed": 835339254,
  "r1": {
    "accuracy": 0.15693430602550507,
    "loss": 1.6380531787872314
  },
  "r2": {
    "accuracy": 0.8838951587677002,
    "loss": 0.38885384798049927
  },
  "r1calib": {
    "accuracy": 0.7116788029670715,
    "loss": 0.48763659596443176
  },
  "r2calib": {
    "accuracy": 0.5205992460250854,
    "loss": 0.8253108859062195
  },
  "r1calib_my_eval": [
    84.19117647058823,
    91.17647058823529
  ],
  "r2calib_my_eval": [
    46.96969696969697,
    46.96969696969697
  ]
}