{
  "seed": 869260933,
  "r1": {
    "accuracy": 0.6021897792816162,
    "loss": 0.6801230311393738
  },
  "r2": {
    "accuracy": 0.4569288492202759,
    "loss": 0.9256173968315125
  },
  "r1calib": {
    "accuracy": 0.5620437860488892,
    "loss": 0.9762845039367676
  },
  "r2calib": {
    "accuracy": 0.6516854166984558,
    "loss": 0.7174980640411377
  },
  "r1calib_my_eval": [
    62.86764705882353,
    64.70588235294117
  ],
  "r2calib_my_eval": [
    70.07575757575758,
    68.18181818181819
  ]
}