{
  "seed": 890752404,
  "r1": {
    "accuracy": 0.2554744482040405,
    "loss": 1.4372031688690186
  },
  "r2": {
    "accuracy": 0.704119861125946,
    "loss": 0.6338568925857544
  },
  "r1calib": {
    "accuracy": 0.7846715450286865,
    "loss": 0.38504716753959656
  },
  "r2calib": {
    "accuracy": 0.4681648015975952,
    "loss": 1.012110710144043
  },
  "r1calib_my_eval": [
    92.27941176470588,
    98.52941176470588
  ],
  "r2calib_my_eval": [
    48.484848484848484,
    45.45454545454546
  ]
}