{
  "seed": 942177551,
  "r1": {
    "accuracy": 0.09124087542295456,
    "loss": 1.615571141242981
  },
  "r2": {
    "accuracy": 0.8539325594902039,
    "loss": 0.4098743200302124
  },
  "r1calib": {
    "accuracy": 0.40145984292030334,
    "loss": 1.4028265476226807
  },
  "r2calib": {
    "accuracy": 0.7902621626853943,
    "loss": 0.4103945791721344
  },
  "r1calib_my_eval": [
    38.23529411764706,
    33.82352941176471
  ],
  "r2calib_my_eval": [
    90.9090909090909,
    95.45454545454545
  ]
}