{
  "seed": 953223011,
  "r1": {
    "accuracy": 0.32846716046333313,
    "loss": 1.4194937944412231
  },
  "r2": {
    "accuracy": 0.6142321825027466,
    "loss": 0.7415603399276733
  },
  "r1calib": {
    "accuracy": 0.7445255517959595,
    "loss": 0.5433753728866577
  },
  "r2calib": {
    "accuracy": 0.47191011905670166,
    "loss": 0.8079926371574402
  },
  "r1calib_my_eval": [
    80.88235294117648,
    88.23529411764706
  ],
  "r2calib_my_eval": [
    48.10606060606061,
    57.57575757575758
  ]
}