{
  "seed": 979219660,
  "r1": {
    "accuracy": 0.22992700338363647,
    "loss": 1.592366099357605
  },
  "r2": {
    "accuracy": 0.6329588294029236,
    "loss": 0.7754563093185425
  },
  "r1calib": {
    "accuracy": 0.6788321137428284,
    "loss": 0.4933265745639801
  },
  "r2calib": {
    "accuracy": 0.5767790079116821,
    "loss": 0.8405330181121826
  },
  "r1calib_my_eval": [
    81.25,
    89.70588235294117
  ],
  "r2calib_my_eval": [
    53.78787878787879,
    56.06060606060606
  ]
}